name,gender
Aaron,Male
Abdeljalil,Male
Abdelrahman,Male
Abdessalam,Male
Abdessamih,Male
Abdiel,Male
Abdul,Male
Abdulah,Male
Abdulaziz,Male
Abdullah,Male
Abel,Male
Abhinav,Male
Abhishek,Male
Abraham,Male
Achraf,Male
Adam,Male
Adama,Female
Adela,Female
Adem,Male
Adis,Male
Admir,Female
Adnane,Male
Adolfo,Male
Adriaan,Male
Adrian,Male
Adriana,Female
Adriano,Male
Aeon,Female
Afroditi,Female
Agathe,Female
Agnese,Female
Agnieszka,Female
Agustin,Male
Agustina,Female
Ahmad,Male
Ahmed,Male
Ahmet,Male
Aida,Female
Aidana,Female
Aiko,Female
Aildjian,Male
Aimee,Female
Akito,Male
Akram,Male
Alaaeddine,Male
Alae,Male
Alan,Male
Alana,Female
Alano,Male
Albert,Male
Alberto,Male
Albertus,Male
Alcander,Male
Aldana,Female
Aldo,Male
Aldrin,Male
Alejandra,Female
Alejandro,Male
Aleksa,Female
Aleksandar,Male
Aleksander,Male
Aleksandr,Male
Aleksandra,Female
Aleksandre,Male
Aleksandrs,Male
Aleksei,Male
Alem,Male
Alen,Male
Alessandra,Female
Alessandro,Male
Alessia,Female
Alessio,Male
Alex,Male
Alexa,Female
Alexander,Male
Alexandra,Female
Alexandre,Male
Alexey,Male
Alexis,Male
Alfonso,Male
Alfred,Male
Alfredo,Male
Ali,Male
Alice,Female
Alicia,Female
Alicja,Female
Alida,Female
Alin,Male
Alina,Female
Alireza,Female
Alisa,Female
Alistair,Male
Alix,Male
Aljen,Male
Alkhaliif,Male
Allan,Male
Allen,Male
Allice,Female
Allis,Female
Allyce,Female
Alnni,Female
Alonso,Male
Alvaro,Male
Alyana,Female
Alysha,Female
Alyssa,Female
Amadou,Male
Amanda,Female
Amar,Male
Amed,Male
Amelie,Female
Amer,Male
Amiel,Male
Amine,Male
Amir,Male
Ammar,Male
Amos,Male
Ana,Female
Anabel,Female
Analiza,Female
Ananda,Female
Anas,Male
Anass,Male
Anastas,Male
Anastasia,Female
Anastasiia,Female
Anastasija,Female
Anatolii,Male
Ancuta,Female
Anders,Male
Anderson,Male
Andjela,Female
Andras,Male
Andre,Male
Andrea,Female
Andrea,Male
Andreas,Male
Andreea,Female
Andrei,Male
Andrej,Male
Andrejs,Male
Andres,Male
Andrew,Male
Andrey,Male
Andri,Male
Andria,Female
Andrii,Male
Andrija,Male
Andy,Male
Angel,Female
Angel,Male
Angela,Female
Angelica,Female
Angelika,Female
Angelique,Female
Angelis,Female
Angelo,Male
Angie,Female
Anh,Female
Anhtuan,Male
Anika,Female
Anina,Female
Aniss,Male
Anissa,Female
Anja,Female
Ann,Female
Anna,Female
Anne,Female
Annelies,Female
Annelise,Female
Annemarie,Female
Annette,Female
Annia,Female
Anouar,Male
Anouk,Female
Anthony,Male
Anthoula,Female
Antigoni,Female
Anton,Male
Antonia,Female
Antonio,Male
Antonios,Male
Anuar,Male
Anushika,Female
Anxhela,Female
Aparna,Female
Apostolos,Male
April,Female
Aranzazu,Female
Arber,Male
Arda,Male
Ardit,Male
Ariaan,Male
Arianna,Female
Arianne,Female
Ariel,Female
Ariel,Male
Arkadiusz,Male
Arman,Male
Armand,Male
Armando,Male
Armin,Male
Armindo,Male
Arnab,Male
Arne,Male
Arnel,Male
Arnela,Female
Arno,Male
Arsen,Male
Arseniy,Male
Arsens,Male
Arthur,Male
Artur,Male
Arturo,Male
Arturs,Male
Arvin,Male
Aryan,Male
Asael,Male
Asaf,Male
Ashley,Male
Ashley,Female
Asia,Female
Assel,Female
Assunta,Female
Astrid,Female
Atarratz,Male
Ato,Male
Atsushi,Male
Audrey,Female
Augustina,Female
Augusto,Male
Aura,Female
Aurelien,Male
Avram,Male
Axel,Male
Axelle,Male
Ayano,Female
Aydar,Male
Aydelore,Female
Ayesha,Female
Aykut,Male
Aylin,Female
Ayman,Male
Aymane,Male
Ayoub,Male
Ayuko,Female
Azumi,Female
Bachir,Male
Badreddine,Male
Baptiste,Male
Barbara,Female
Bart,Male
Bartlomiej,Male
Bartosz,Male
Bas,Male
Bastiaan,Male
Bastien,Male
Beatrice,Female
Beck,Male
Begum,Female
Ben,Male
Benedict,Male
Benjamin,Male
Benny,Male
Bernard,Male
Bernardo,Male
Bertrand,Male
Beverley,Female
Bhavya,Female
Bianka,Female
Bilal,Male
Billy,Male
Bogdan,Male
Bojan,Male
Bojana,Female
Bon,Male
Bonny,Female
Boris,Male
Borja,Male
Bosko,Male
Brad,Male
Bradley,Male
Braiden,Male
Brandon,Male
Branislav,Male
Brenda,Female
Brent,Male
Breyean,Male
Brian,Male
Brien,Male
Brittany,Female
Bruce,Male
Bruno,Male
Bryan,Male
Bui,Female
Burak,Male
Buyantsogt,Male
Byron,Male
Caio,Male
Caitlyn,Male
Caleb,Male
Calixte,Male
Callum,Male
Calum,Male
Cameron,Male
Camila,Female
Camilla,Female
Camille,Male
Camilo,Male
Candi,Female
Candy,Female
Carina,Female
Carl,Male
Carla,Female
Carlo,Male
Carlos,Male
CARMEL,Female
Carmen,Female
Carole,Female
Carolin,Female
Carolina,Female
Caroline,Female
Carolini,Female
Cassandra,Female
Cassey,Female
Catalin,Female
Catarina,Female
Catharina,Female
Catherine,Female
Cathryn,Female
Cavin,Male
Cecilia,Female
Celine,Female
Céline,Female
Cemil,Male
Cemilcan,Male
Cenk,Male
Cesar,Male
Chaimae,Female
Chandira,Female
Chantal,Female
Chantele,Female
Chantelle,Female
Charles,Male
Charlie,Male
Chawki,Male
Chayma,Female
Chee,Male
Cheima,Female
Cherri,Female
Cherry,Female
Cheyenne,Female
Chiara,Female
Chin,Male
Chiwing,Male
Choon,Male
Choong,Male
Chouaib,Male
Chris,Male
Christiaan,Male
Christian,Male
Christiano,Male
Christie,Female
Christina,Female
Christine,Female
Christofer,Male
Christoff,Male
Christoph,Male
Christophe,Male
Christopher,Male
Christos,Male
Cinandi,Female
Cindy,Female
Cintia,Female
Clara,Female
Clarisa,Female
Clarissa,Female
Claudia,Female
Claudio,Male
Clayton,Male
Cleia,Female
Cleiton,Male
Clement,Male
Clément,Male
Clerise,Female
Clifford,Male
Cliford,Male
Clinton,Male
Clyde,Male
Colin,Male
Collin,Male
Connor,Male
Constantin,Male
Corentin,Male
Corey,Male
Cornelis,Male
Cosmina,Female
Craig,Male
Criselda,Female
Cristhian,Male
Cristi,Male
Cristian,Male
Cristina,Female
Crystal,Female
Cynthia,Female
Daan,Male
Dahrin,Male
Dalila,Female
Damian,Male
Damiano,Male
Damien,Male
Damir,Male
Damjan,Male
Damla,Female
Dan,Male
Danie,Male
Daniel,Male
Daniela,Female
Daniele,Female
Daniella,Female
Danielle,Female
Daniil,Male
Danijel,Male
Danijela,Female
Danilo,Male
Daniyar,Male
Danjel,Male
Danko,Male
Danna,Female
Dannielle,Female
Danny,Male
Dante,Male
Danuta,Female
Daria,Female
Dario,Male
Darius,Male
Darjan,Male
Darren,Male
Darron,Male
Darryl,Male
Daryl,Male
Daryl,Female
Dave,Male
Davi,Male
David,Male
Davide,Male
Dawid,Male
Dawoon,Female
Dayane,Female
Dayne,Male
Deborah,Female
Debre,Female
Deepika,Female
Deidre,Female
Dejan,Male
Delphine,Female
Demian,Male
Denis,Male
Denise,Female
Dennis,Male
Denny,Male
Denrick,Male
Denzel,Male
Denzel,Female
Deon,Male
Dereck,Male
Derek,Male
Derick,Male
Derrick,Male
Desiree,Female
Diana,Female
Didy,Male
Diederick,Male
Diedrich,Male
Diego,Male
Dikran,Male
Dila,Female
Dimas,Male
Dimitrije,Male
Dimitrios,Male
Dimitris,Male
Ding,Male
Dino,Male
Diogo,Male
Dion,Male
Djordje,Male
Dmitrijs,Male
Dmitriy,Male
Dmitro,Male
Dmitry,Male
Dmytro,Male
Dogukan,Male
Domenico,Male
Domenik,Male
Dominic,Male
Dominik,Male
Dominique,Male
Don,Male
Donald,Male
Donaldo,Male
Donavan,Male
Dong,Male
Donovan,Male
Dora,Female
Dorothy,Female
Douae,Female
Douglas,Male
Dragan,Male
Dragana,Female
Dragos,Male
Duan,Male
Duane,Male
Duann,Male
Duke,Male
Duncan,Male
Dusan,Male
Dusko,Male
Dustin,Male
Dustine,Female
Dwayne,Male
Dylan,Male
Earl,Male
Eddy,Male
Edel,Male
Edgar,Male
Edgar,Female
Edgard,Male
Edgardo,Male
Edin,Male
Edmond,Male
Edmund,Male
Edouard,Male
Edson,Male
Eduardo,Male
Edvard,Male
Edvards,Male
Edward,Male
Edwin,Male
Efren,Male
Egor,Male
Ehsen,Male
EiEi,Female
Ekaterina,Female
Ekko,Male
Elaine,Female
Eldin,Male
Eleftheria,Female
Elena,Female
Eleni,Female
Eleonora,Female
Eletise,Male
Elias,Male
Elie,Female
Elie,Male
Elif,Female
Elín,Female
Elisa,Female
Elisabet,Female
Elisabeth,Female
Elise,Female
Elisha,Male
Eliza,Female
Elizabeth,Female
Elkyn,Male
Elliot,Male
Elmer,Male
Elsa,Female
Elsa,Male
Elsida,Female
Elton,Male
Elvin,Male
Elvis,Male
Elzette,Female
Em,Female
Emad,Male
Emanuel,Male
Emidio,Female
Emil,Male
Emile,Female
Emilia,Female
Emilian,Male
Emilie,Female
Emilien,Male
Emilija,Female
Emilio,Male
Emille,Male
Emily,Female
Emin,Male
Emir,Male
Emira,Female
Emmanuel,Male
Emmanuel,Female
Emmet,Male
Emren,Male
Enea,Male
Enes,Female
Enes,Male
Eng,Male
Enis,Male
Enrico,Male
Enrique,Male
Enxhi,Female
Enzo,Male
Eren,Male
Eric,Male
Erick,Male
Erico,Male
Erik,Male
Erika,Female
Erin,Female
Eriya,Female
Erjon,Male
Ernest,Male
Ernesto,Male
Ernests,Male
Erwin,Male
Esmeralda,Female
Esmir,Male
Esteban,Male
Estefania,Female
Estefany,Female
Esteven,Male
Esther,Female
Ethan,Male
Etienne,Male
Ettiene,Male
Eudoro,Male
Eugen,Male
Eugene,Male
Eugenia,Female
Eva,Female
Evandro,Male
Evangelos,Male
Eveck,Male
Evelina,Female
Evellyn,Female
Evelyn,Female
Everardo,Male
Ewa,Female
Ewelina,Female
Eya,Female
Ezgi,Female
Fabian,Male
Fabiana,Female
Fabio,Male
Fabrice,Male
Facundo,Male
Fady,Male
Faheem,Male
Fanny,Female
Farah,Female
Farid,Male
Farina,Female
Fatima,Female
Fatjon,Male
Federico,Male
Felicia,Female
Feliciano,Male
Felipe,Male
Felix,Male
Fellipe,Male
Femke,Female
Fendy,Male
Feng,Female
Ferdinand,Male
Fernanda,Female
Fernando,Male
Fevronia,Female
Fidel,Male
Filip,Male
Filipe,Male
Filippa,Female
Filippo,Male
Fiorella,Female
Flavio,Male
Flavius,Male
Floor,Male
Florencia,Female
Florian,Male
Fran,Male
Francelia,Female
Frances,Female
Francesca,Female
Francesco,Male
Francis,Male
Francisca,Female
Francisco,Male
Franco,Male
Francois,Male
Francyz,Male
Franjo,Male
Frank,Male
Franklin,Male
Franklyn,Male
Franko,Male
Franky,Male
Frans,Male
Frantisek,Male
Franz,Male
Frederik,Male
Frederike,Female
Frosina,Female
Gabriel,Male
Gabriela,Female
Gabriell,Male
Gabriella,Female
Gabrielle,Male
Gadour,Male
Gareth,Male
Garth,Male
Gary,Male
Gaspar,Male
Gaurav,Male
Gavin,Male
Gazelle,Female
Geert,Male
Gen,Male
Gener,Male
Gennady,Male
Georg,Male
George,Male
Georges,Male
Georgia,Female
Georgijs,Male
Geovanni,Male
Geovanny,Male
Gerald,Male
Gerardo,Male
Gergo,Male
Gerhard,Male
Gerhardt,Male
German,Male
Germán,Male
Gernot,Male
Gert,Male
Gertjan,Male
Ghada,Female
Ghania,Female
Gharield,Male
Ghassan,Male
Ghassen,Male
Gia,Female
Gian,Male
Gianluca,Male
Gie,Male
Gilbert,Male
Gill,Male
Gina,Female
Gino,Male
Giorgio,Male
Giovann,Male
Giovanna,Female
Giovanni,Male
Girish,Male
Giselle,Female
Giulia,Female
Glen,Male
Glenda,Female
Godfrey,Male
Gokhan,Male
Goncalo,Male
Gonzalo,Male
Goran,Male
Gorge,Male
Granit,Male
Gratia,Female
Greg,Male
Gregorio,Male
Gregory,Male
Gudmundur,Male
Guido,Male
Guilherme,Male
Guillaume,Male
Guillermo,Male
Gulhan,Female
Guolin,Male
Guoxiang,Male
Gustavo,Male
Gyorgyi,Female
Gyovana,Female
Hajar,Female
Hakim,Male
Hamza,Male
Hannah,Female
Hanne,Female
Hannelore,Female
Hannu,Male
Hans,Male
Harald,Male
Hargen,Male
Haris,Male
Harold,Male
Haroldas,Male
Harriet,Female
Harry,Male
Harun,Male
Hasan,Male
Hauke,Male
Hazen,Male
Hector,Male
Hekim,Male
Helena,Female
Hendrik,Male
Henri,Male
Henrich,Male
Henriek,Male
Henrik,Male
Henrique,Male
Henry,Male
Heribert,Male
Heriberto,Male
Herlinde,Female
Herman,Male
Hermann,Male
Hermes,Male
Hermione,Female
Hernan,Male
Hezron,Male
Hicham,Male
Hideki,Male
Hinrik,Male
Hiromasa,Male
Hoipui,Male
Homero,Male
Hong,Male
Honoka,Female
Hubert,Male
Hugo,Male
Hugues,Male
Huicheang,Female
Hylda,Female
Hyohun,Female
Ian,Male
Ianina,Female
Iara,Female
Ibraheem,Male
Ibrahim,Male
Ibtihal,Female
Ida,Female
Idris,Female
Ignacio,Male
Igor,Male
Ihor,Male
Ihsane,Female
Iker,Male
Ileana,Female
Ilhan,Male
Ilias,Male
Ilich,Male
Ilija,Male
Ilker,Male
Illia,Male
Ilona,Female
Ilyass,Male
Inderpal,Male
Ines,Female
Inuk,Male
Ioanna,Female
Ioannis,Male
Ionut,Male
Ira,Female
Irina,Female
Irine,Female
Irini,Female
Iris,Female
Isaac,Male
Isabel,Female
Isabela,Female
Isabella,Female
Isabelle,Female
Isaiah,Male
Isaias,Male
Isamu,Male
Ismael,Male
Ismail,Male
Iulia,Female
Ivan,Male
Ivana,Female
Ivanna,Female
Iveth,Female
Ivo,Male
Izumi,Female
Jaafar,Male
Jaap,Male
Jabal,Male
Jacek,Male
Jack,Male
Jacob,Male
Jacqueline,Female
Jad,Male
Jad,Female
Jae,Male
Jagos,Male
Jaime,Male
Jake,Male
Jakob,Male
Jakov,Male
Jaksa,Male
Jakub,Male
Jalaleddine,Male
James,Male
Jameson,Male
Jamila,Female
Jan,Male
Jana,Female
Jane,Female
Janessa,Female
Janet,Female
Janette,Female
Janice,Female
Janko,Male
Jaqueline,Female
Jaques,Male
Jared,Male
Jaromir,Male
Jarren,Male
Jasmin,Male
Jason,Male
Jasper,Male
Jassmany,Male
Javier,Male
Jay,Male
Jaycie,Male
Jaynelle,Female
Jayson,Male
Jean,Male
Jeanette,Female
Jedrzej,Male
Jef,Male
Jeff,Male
Jeffrey,Male
Jeimy,Female
Jeison,Male
Jeisser,Male
Jelena,Female
Jelmer,Male
Jemma,Female
Jen,Female
JenFoong,Male
JengJeen,Male
Jenni,Female
Jennie,Female
Jennifer,Female
Jenny,Female
Jens,Male
Jeppe,Male
Jeremiah,Male
Jeremias,Male
Jeremy,Male
Jerick,Male
Jeroen,Male
Jerry,Male
Jerson,Male
Jesper,Male
Jess,Male
Jessa,Female
Jesse,Male
Jessica,Female
Jessie,Female
Jester,Male
Jesus,Male
Jesús,Male
Jethro,Male
Jheanel,Female
Jhoana,Female
Jia,Male
Jimboy,Male
Jimmy,Male
Joanna,Female
Joanne,Female
Joao,Male
Joaquin,Male
Job,Male
Jochen,Male
Jodeen,Female
Jo,Female
Joe,Male
Joel,Male
Joelle,Female
Joely,Female
Joep,Male
Joey,Male
Johan,Male
Johana,Female
Johann,Male
Johanna,Female
Johannes,Male
Johannsenn,Male
John,Male
Johua,Male
Jonas,Male
Jonatan,Male
Jonathan,Male
Jonathon,Male
Jonnatan,Male
Jonnathan,Male
Jonny,Male
Jordan,Female
Jordy,Male
Jorge,Male
Jorik,Male
Joris,Male
Jort,Male
Jose,Male
Jose,Female
José,Male
Joseph,Male
Josephine,Female
Josh,Male
Joshua,Male
Josue,Male
Jovan,Male
Jovana,Female
Joyce,Female
JP,Male
Juan,Male
Juaneta,Female
Judeline,Female
Judit,Female
Judith,Female
Jules,Male
Julia,Female
Julian,Male
Julián,Male
Juliana,Female
Julien,Male
Juliethe,Female
Julijana,Female
Julio,Male
Julyan,Male
Jun,Female
Junhui,Male
Junis,Male
Jurgen,Male
Jurre,Male
Justin,Male
Justine,Male
Justus,Male
Jutamas,Male
Kaan,Male
Kacper,Male
Kah,Male
Kahhao,Male
Kaichyn,Male
Kalthoum,Female
Kamil,Male
Kamonwan,Female
Kanchan,Female
Kanuraj,Male
Karam,Male
Karel,Male
Karen,Male
Karen,Female
Karim,Male
Karina,Female
Karl,Male
Karla,Female
Karlo,Male
Karol,Male
Karolina,Female
Karoline,Female
Karsten,Male
Kasper,Male
Katarina,Female
Katarzyna,Female
Kate,Female
Katelyn,Female
Katerina,Female
Kateryna,Female
Katharina,Female
Katherin,Female
Katherine,Female
Kathrin,Female
Katja,Female
Katrina,Female
Katsiaryna,Female
Katya,Female
Kay,Male
Kaya,Female
Kayla,Female
Kaylene,Female
Kazuya,Male
Keane,Male
Kedia,Female
Keegan,Male
Kellie,Female
Kelvin,Male
Kemal,Male
Ken,Male
Kendell,Male
Kenenn,Male
Keneth,Male
Kenichi,Male
Kenneth,Male
Kenny,Male
Kent,Male
Kerstin,Female
Kervin,Male
Kesiena,Female
Kevin,Male
Kezia,Female
Khai,Female
Khalid,Male
Khalil,Male
Khoo,Female
Khristhian,Male
Kiirana,Female
Kilian,Male
Kim,Male
Kim,Female
Kimberly,Female
Kinga,Female
Kira,Female
Kiraz,Female
Kire,Female
Kirill,Male
Kirils,Male
Kirstine,Female
Kirsty,Female
Kit,Male
Klara,Female
Klaudia,Female
Klaus,Male
Kleantja,Female
Knut,Male
Kody,Male
Koen,Male
Konrad,Male
Konstantin,Male
Konstantinos,Male
Kos,Male
Kosmas,Male
Kosta,Male
Kostiantyn,Male
Kotaro,Male
Kreeta,Male
Krisiano,Male
Kristiaan,Male
Kristian,Male
Kristijan,Male
Kristina,Female
Kristy,Female
Krit,Male
Krystallia,Female
Krystian,Male
Ksenia,Female
Kshitija,Female
Kungyao,Male
Kunora,Female
Kurt,Male
Kyan,Male
Kylar,Male
Kyle,Male
Kyriakos,Male
Kyrylo,Male
Lahoucine,Male
Laia,Female
Lance,Male
Lara,Female
Larisa,Female
Larissa,Female
Lars,Male
Laszlo,Male
Latifa,Female
Laura,Female
Laurence,Male
Laurence,Female
Layane,Female
Layun,Male
Lazar,Male
Lazaro,Male
Lea,Female
Leah,Female
Leandro,Male
Leanne,Female
Lee,Female
Lehel,Male
Leif,Male
Leila,Female
Leilani,Female
Lena,Female
Lennart,Male
Leo,Male
Leon,Male
Leona,Female
Leonard,Male
Leonardo,Male
Leonel,Male
Leoni,Female
Leons,Male
Lester,Male
Levi,Female
Levi,Male
Lewis,Male
Liam,Male
Lidiia,Female
Lija,Female
Lilly,Female
Lina,Female
Linda,Female
Linde,Female
Lionel,Male
Lisa,Female
Lisanne,Female
Lisset,Female
Liubomyr,Male
Liziem,Female
Llamil,Male
Lobsang,Male
Loic,Male
Lolo,Female
Lorena,Female
Lorenz,Male
Lorenzo,Male
Lorraine,Female
Louis,Male
Lourenco,Male
Luana,Female
Luc,Male
Luca,Male
Lucas,Male
Luchia,Female
Lucia,Female
Luciano,Male
Lucie,Female
Lucila,Female
Lucille,Female
Lucio,Male
Ludivine,Female
Ludmila,Female
Ludovic,Male
Luei,Male
Luiggi,Male
Luigi,Male
Luis,Male
Luiza,Female
Luka,Male
Lukas,Male
Lukasz,Male
Luke,Male
Lune,Female
Lunga,Male
Lutfiye,Female
Lydia,Female
Lydon,Male
Lyle,Male
Lyndon,Male
Lyra,Female
Ma.,Female
Maarten,Male
Maarvind,Male
Maciej,Male
Mackenzie,Male
Maeva,Female
Mafalda,Female
Magdalena,Female
Magnus,Male
Mahesh,Male
Mahmoud,Male
Maia,Female
Maicon,Male
Maja,Female
Makenzie,Male
Maksim,Male
Maksym,Male
Malcolm,Male
Malek,Male
Mamoune,Male
Manal,Female
Manel,Female
Manon,Female
Manos,Male
Manson,Male
Manuel,Male
Manuela,Female
Mao,Female
Mara,Female
Maram,Female
Mar,Male
Marc,Male
Marcaille,Male
Marcel,Male
Marcela,Female
Marcello,Male
Marcelo,Male
Marcin,Male
Marcio,Male
Marco,Male
Marcos,Male
Marcus,Male
Maretha,Female
Margaret,Female
Margo,Female
Maria,Female
Mariana,Female
Marianne,Female
Mariano,Male
Marie,Female
Marieclaire,Female
Mariel,Female
Marieta,Female
Marija,Female
Marina,Female
Marine,Female
Marines,Female
Marinette,Female
Mario,Male
Marion,Female
Marisia,Female
Mariska,Female
Maritza,Female
Marius,Male
Mariusz,Male
Mariusz,Female
Mariya,Female
Marizanne,Female
Mark,Male
Marko,Male
Markus,Male
Marlon,Male
Marly,Female
Marouane,Male
Marta,Female
Martha,Female
Marthinus,Male
Martijn,Male
Martin,Male
Marvin,Male
Marwen,Male
Mary,Female
Marya,Female
Maryam,Female
Maryury,Female
Masanori,Male
Masao,Male
Masayo,Female
Mason,Male
Massimo,Male
Matej,Male
Mateja,Male
Mateo,Male
Mateus,Male
Mateusz,Male
Matheus,Male
Mathew,Male
Mathias,Male
Mathieu,Male
Mathijs,Male
Matija,Male
Mats,Male
Matt,Male
Matteo,Male
Matthew,Male
Matthews,Male
Matthias,Male
Matthieu,Male
Mattia,Male
Mattias,Male
Maud,Female
Maurice,Male
Mauricio,Male
Mauro,Male
Mave,Male
Max,Male
Maxence,Male
Maxim,Male
Maxime,Male
Maximilian,Male
Maximiliano,Male
Maximo,Male
Maynor,Male
Mayra,Female
Md,Male
Medina,Female
Megan,Female
Mehdi,Male
Melani,Female
Melanie,Female
Melinda,Female
Melisa,Female
Melissa,Female
Melvin,Male
Mercedes,Female
Merel,Female
Meriem,Female
Meryeme,Female
Mesut,Male
Mhonciar,Male
Mia,Female
Mica,Female
Micaela,Female
Micala,Female
Michael,Male
Michaela,Female
Michal,Male
Michel,Male
Michelle,Female
Mick,Male
Mickey,Male
Midel,Male
Miguel,Male
Mihael,Male
Mihaela,Female
Mihail,Male
Mihailo,Male
Mihajlo,Male
Mika,Male
Mikael,Male
Mikaela,Female
Mike,Male
Mikhail,Male
Mikhaila,Female
Mikkel,Male
Mikku,Male
Miko,Female
Mikulas,Male
Mikyle,Male
Milan,Male
Milena,Female
Milivoje,Male
Miljan,Male
Millia,Female
Milos,Male
Milton,Male
Milutin,Male
Mina,Female
Minakshi,Female
Ming,Male
Minji,Female
Minki,Male
Minna,Female
Minos,Male
Miriam,Female
Mirian,Male
Mirko,Male
Miron,Male
Miroslav,Male
Miroslaw,Male
Mirthea,Female
Mirza,Male
Mitsuki,Male
Miyu,Female
Mladen,Male
Moa,Female
Moez,Male
Mohamed,Male
Mohammed,Male
Mohcine,Male
Moises,Male
Mona,Female
Monaim,Male
Moncef,Male
Mongkhon,Male
Monica,Female
Monika,Female
Moritz,Male
Morteza,Male
Moses,Male
Mouhammed,Male
Mouna,Female
Mounir,Male
Muhammad,Male
Muhammed,Male
Mukesh,Male
Murad,Male
Murat,Male
Mustafa,Male
Mykita,Male
Myra,Female
N​opparaj,Male
Nabil,Male
Nada,Female
Nadine,Female
Naeema,Female
Nafizcan,Male
Nahuel,Male
Naohito,Male
Naomi,Female
Naomie,Female
Nassim,Male
Natalia,Female
Natalie,Female
Nataliia,Female
Nataly,Female
Natasha,Female
Nathalia,Female
Nathalie,Female
Nathan,Male
Nathanael,Male
Nattapong,Male
Nawfal,Male
Nawfel,Female
Nazim,Male
Neftali,Male
Nehal,Female
Neil,Male
Nejra,Female
Nelson,Male
Nemanja,Male
Nemanja,Female
Nenad,Male
Nevena,Female
Nicholas,Male
Nick,Male
Nicki,Female
Nicklas,Male
Nicky,Female
Nico,Male
Nicol,Male
Nicola,Male
Nicolaas,Male
Nicolai,Male
Nicolas,Male
Nicolás,Male
Nicole,Female
Nicoletta,Female
Nicolo,Male
Nidia,Female
Niels,Male
Nigel,Male
Nikita,Male
Nikita,Female
Niko,Male
Nikodem,Male
Nikola,Male
Nikolaj,Male
Nikolaos,Male
Nils,Male
Nina,Female
Ninonel,Male
Nizar,Male
Noe,Male
Noel,Male
Noelia,Female
Noemi,Female
Nona,Female
Nora,Female
Norbert,Male
Norma,Female
Noureddine,Male
Nova,Female
Nuno,Male
Octavio,Male
Ognjen,Male
Oksana,Female
Ola,Female
Olaf,Male
Oleg,Male
Oleksandr,Male
Olga,Female
Oliver,Male
Olivera,Female
Olivia,Female
Olivier,Male
Ollie,Male
Omaima,Female
Omar,Male
Omer,Male
Omid,Male
Onur,Male
Opiela,Female
Orianne,Female
Orkan,Male
Orlando,Male
Ornella,Female
Oscar,Male
Oskar,Male
Ostoja,Male
Osvaldo,Male
Oswaldo,Male
Otmane,Male
Otto,Male
Oumaima,Female
Oumayma,Female
Oussama,Male
Oyku,Female
Ozan,Male
Ozren,Male
Pablo,Male
Palmerino,Male
Pamela,Female
Paola,Female
Paolo,Male
Pascal,Male
Patricia,Female
Patrick,Male
Patrik,Male
Patrycja,Female
Patryk,Male
Patt,Male
Paul,Male
Paula,Female
Paulien,Female
Paulina,Female
Paulo,Male
Paultre,Male
Pavan,Male
Pavaris,Male
Pavel,Male
Pavle,Male
Pavlo,Male
Pavo,Male
Pawel,Male
Pedro,Male
Per,Male
Petar,Male
Peter,Male
Petra,Female
Petros,Male
Philani,Female
Philene,Female
Philip,Male
Philip,Female
Philipp,Male
Philippe,Male
Phillip,Male
Phillippa,Female
Pichaya,Female
Pierre,Male
Pieter,Male
Piet,Male
Piotr,Male
Pol,Male
Prajesh,Male
Pranshu,Male
Prassad,Male
Prateek,Male
Predrag,Male
Priscilla,Female
Qendrim,Male
Qing,Male
Quatavia,Female
Quinten,Male
Rached,Male
Rachel,Female
Rachid,Male
Radmila,Female
Rados,Male
Radoslav,Male
Radostina,Female
Rafael,Male
Rafaela,Female
Rafaella,Female
Ragragui,Male
Rahman,Male
Raizah,Female
Rajani,Female
Ralph,Male
Ramiro,Male
Ramon,Male
Ramzi,Male
Randell,Male
Randolf,Male
Raphael,Male
Raquel,Female
Rasim,Male
Rasmus,Male
Raul,Male
Ray,Male
Raymond,Male
Razzel,Male
Rebeca,Female
Rebecca,Female
Reda,Male
Regina,Female
Regine,Female
Rehaan,Male
Reia,Female
Reigh,Female
Reiko,Female
Remco,Male
Remigiusz,Male
Renata,Female
Renato,Male
Rene,Male
Renee,Female
Rens,Male
Rey,Male
Rhamir,Male
Riad,Male
Ric,Male
Ricardo,Male
Richard,Male
Rick,Male
Ricky,Male
Rico,Male
Rida,Male
Rim,Female
Riordan,Male
Risako,Female
Rishi,Male
Ritesh,Male
Ritza,Female
Rizky,Male
Rizter,Male
Rob,Male
Robert,Male
Roberta,Female
Roberth,Male
Roberto,Male
Robin,Female
Robin,Male
Robnel,Male
Rodolfo,Male
Rodrigo,Male
Rogelio,Male
Roger,Male
Rolando,Male
Romain,Male
Roman,Male
Romans,Male
Romeena,Female
Romeo,Male
Romero,Male
Romina,Female
Rommel,Male
Romon,Male
Ron,Male
Ronald,Male
Ronaldaustin,Male
Ronaldo,Male
Ronan,Male
Rory,Male
Rosa,Female
Rosana,Female
Rosanna,Female
Rosaura,Female
Rosemin,Female
Rosemonde,Female
Rosibel,Female
Ross,Male
Rossana,Female
Rossell,Male
Rostam,Male
Rostom,Male
Rouben,Male
Rowane,Male
Rowell,Male
Roxanne,Female
Roy,Male
Roybie,Male
Ruben,Male
Rudolph,Male
Rudra,Male
Rudy,Male
Rui,Male
Rumi,Female
Rumyana,Female
Ruslan,Male
Ruud,Male
Ruxandra,Female
Ryan,Male
Rynardt,Male
Rynhardt,Male
Ryno,Male
Ryuma,Male
Saad,Male
Saba,Male
Sabine,Female
Sabrina,Female
Sabyrzhan,Male
Sagar,Male
Sage,Male
Sage,Female
Said,Male
Saïd,Male
Saifallah,Male
Salaheddine,Male
Salah,Male
Salem,Male
Salih,Male
Salim,Male
Salima,Female
Salma,Female
Salomon,Male
Salvador,Male
Salvatore,Male
Sam,Male
Samael,Male
Samantha,Female
Samar,Female
Sami,Male
Samia,Female
Samira,Female
Sammer,Female
Samson,Male
Samuel,Male
Sanaa,Female
Sandra,Female
Sandrine,Female
Sandro,Male
Sandy,Female
Sanja,Female
Santiago,Male
Santino,Male
Sara,Female
Sarah,Female
Sartoscht,Male
Saryn,Female
Sasa,Male
Sascha,Male
Sasha,Female
Sava,Male
Sayuri,Female
Scott,Male
Sean,Male
Sebastian,Male
Sebastien,Male
Seikoh,Male
Selene,Female
Semir,Male
Sera,Female
Sergei,Male
Sergey,Male
Serghei,Male
Sergio,Male
Sergiy,Male
Serhiy,Male
Serkan,Male
Sevdenur,Female
Sew,Male
Shaakir,Male
Shahir,Male
Shane,Male
Shane,Female
Shanika,Female
Shannon,Female
Sharivah,Female
Sharon,Female
Shaun,Male
Shawn,Male
Sheldon,Male
Sherly,Female
Sheyla,Female
Shiewanie,Female
Shih,Male
Shirley,Female
Shivendra,Male
Shu,Female
Sibel,Female
Sidney,Male
Siewying,Female
Signe,Female
Silan,Female
Silvana,Female
Silvia,Female
Silvina,Female
Simge,Female
Simina,Female
Simo,Male
Simon,Male
Simona,Female
Simone,Female
Simplicio,Male
Sinan,Male
Sinda,Female
Sinisa,Male
Sion,Male
Siwar,Female
Sladjana,Female
Slavko,Male
Slawomir,Male
Slobodan,Male
Smail,Male
Sofia,Female
Sofiane,Male
Solomon,Male
Sonia,Female
Sonja,Female
Sophia,Female
Soufiane,Female
Soufiane,Male
Spyridon,Male
Srdjan,Male
Srishti,Female
Stanislav,Male
Stefan,Male
Stefano,Male
Stephan,Male
Stéphane,Female
Stephanie,Female
Stephano,Male
Stephanus,Male
Stephen,Male
Sterling,Male
Stevan,Male
Steve,Male
Steven,Male
Sthefany,Female
Sujita,Female
Sumeja,Female
Sumeyra,Female
Sune,Male
Sunny,Male
Susan,Female
Susana,Female
Suzanne,Female
Sven,Male
Svenja,Female
Svetislav,Male
Sylvia,Female
Symon,Male
Taha,Male
Taichi,Male
Taishi,Male
Takeshi,Male
Tamara,Female
Tamila,Female
Tangeni,Male
Tania,Female
Tanisha,Female
Tanissa,Female
Tanya,Female
Tara,Female
Taran,Male
Tarek,Male
Taro,Male
Tasha,Female
Tashina,Male
Tatiana,Female
Taylan,Male
Tayler,Male
Tea,Female
Teancum,Male
Teddy,Male
Teena,Female
Telmo,Male
Teodora,Female
Teresa,Female
Terry,Male
Thai,Male
Thais,Female
Thanos,Male
Thea,Female
Theo,Male
Theodor,Male
Theodore,Male
Theuns,Male
Thiago,Male
Thijs,Male
Thomas,Male
Thor,Male
Tiago,Male
Tian,Male
Tien,Male
Tijana,Female
Tijmen,Male
Tilman,Male
Tim,Male
Timon,Male
Timotheo,Male
Timothy,Male
Timur,Male
Tina,Female
Ting,Male
Tiongshyue,Male
Tobias,Male
Todd,Male
Tolga,Male
Tom,Male
Tomas,Male
Tomasz,Male
Tomiris,Female
Tommi,Male
Tommy,Male
Tomoko,Female
Tomy,Male
Tori,Male
Toshiharu,Male
Trevor,Male
Tristan,Male
Troy,Male
Tsioriniaina,Male
Tsvetan,Male
Tudor,Male
Tyler,Male
Tylor,Male
Tyrese,Male
Ucha,Male
Ugur,Male
Ulrich,Male
Umair,Male
Uri,Male
Uros,Male
Urszula,Female
Usman,Male
Vadims,Male
Valentin,Male
Valentina,Female
Valentine,Male
Valeria,Female
Valerii,Male
Vamsi,Male
Vamsy,Male
Vanessa,Female
Vasil,Male
Vasileios,Male
Vasilis,Male
Vedran,Male
Vera,Female
Vernice,Female
Veronica,Female
Veronika,Female
Victor,Male
Víctor,Male
Victoria,Female
Victorio,Male
Vid,Male
Viktor,Male
Viktoria,Female
Viktorija,Female
Viktors,Male
Vincent,Male
Vinicius,Male
Viola,Female
Viridiana,Female
Vitor,Male
Vitoria,Female
Viveq,Male
Vivian,Female
Viviana,Female
Vivien,Female
Vlad,Male
Vlada,Female
Vlademir,Male
Vladeta,Male
Vladimir,Male
Vladislava,Female
Vladyslav,Male
Vojislav,Male
Volker,Male
Volodymyr,Male
Von,Male
Vyctor,Male
Walid,Male
Walter,Male
Walther,Male
Warren,Male
Wassilios,Male
Wassilis,Male
Wayne,Male
Wendy,Female
Weronika,Female
Wiebe,Male
Wilber,Male
Wilfred,Male
Will,Male
Willem,Male
Willemijn,Female
William,Male
Wilmar,Male
Wilmer,Male
Wilzhanne,Male
Wissal,Female
Wojciech,Male
Wouter,Male
Xabier,Male
XianYao,Male
Yae,Female
Yagiz,Male
Yagmur,Female
Yago,Male
Yahya,Male
Yamila,Female
Yan,Male
Yaniff,Male
Yann,Male
Yannic,Male
Yannik,Male
Yaroslav,Male
Yasmin,Female
Yasmine,Female
Yasser,Male
Yassine,Male
Yassir,Male
Yasunori,Male
Yelizaveta,Female
Yen,Female
Yeray,Male
Yerzhan,Male
Yesica,Female
Yoanan,Male
Yoji,Male
Yoko,Female
Yolandie,Female
Yong,Male
Younes,Male
Youri,Male
Youssef,Male
Youssef,Female
Yu,Male
Yuino,Female
Yuka,Female
Yuki,Female
Yuki,Male
Yulia,Female
Yuliana,Female
Yuliia,Female
Yumna,Female
Yungchin,Male
Yurio,Male
Yusuke,Male
Yuto,Male
Yves,Male
Yvette,Female
Zachary,Male
Zack,Male
Zadkiel,Male
Zahra,Female
Zakaria,Male
Zakariaa,Male
Zakarya,Male
Zarah,Female
Zarema,Female
Zarna,Female
Zbigniew,Male
Zdenek,Male
Zeljko,Male
Zenn,Male
Zerina,Female
Zeynep,Female
Zhaheen,Male
Zheng,Male
Zheyu,Male
Ziad,Male
Zofia,Female
Zoltan,Male
Zoran,Male
Zorana,Female
Zouhair,Male
Zushmita,Female
Aleyna,Female
Naiza,Female
Sharmaine,Female
Gene,Male
Adrienne,Female
Danica,Female
Klyde,Male
Reynald,Male
Robby,Male
Rovir,Male
Rowelda,Female
Nihal,Female
Sayaka,Female
Rafal,Male
Reina,Female
Jamaa,Male
Abdelfattah,Male
Aloysius,Male
Abdessamad,Male
Phill,Male
Ki,Female
Ornela,Female
Vicente,Male
Ghalia,Female
Arol,Male
Tigran,Male
Scotty,Male
Averick,Male
Jamal,Male
Ramses,Male
Llewellyn,Male
Frederico,Male
El,Male
Ririna,Female
Miri,Female
Hugh,Male
Kirby,Male
Karinna,Female
Surjel,Female
Safia,Female
Shuaib,Male
Denisse,Female
Severo,Male
Lynne,Female
Beloved,Male
Reiarn,Female
Sonette,Female
Dann,Male
Danielle,Male
Apollo,Male
Rohan,Male
Reychelle,Female
Zlatan,Male
Patricio,Male
Mairin,Female
Blanca,Female
Rion,Male
Saleh,Male
Calvin,Male
Gloria,Female
Eryk,Male
Caylan,Male
Jo,Male
Emi,Female
Rime,Female
Assya,Female
Claudinei,Female
Huey,Female
Yuri,Male
Sie,Male
Qi,Male
Martinique,Female
Aldous,Male
Roche,Female
Mariem,Female
Jarod,Male
